SNAC ID	ARK ID
85290808	w6n9820p
85289148	w6wx87x7
8563091	w6c82qz0
85288342	w6fv9b6q
9302981	w68m543d
85289632	w6165774
28160043	w6zw3s78
14777823	w6bv9xp3
42201796	w6r525r2
85290220	w6jb6xn6
85290256	w6hj799d
45693157	w6p55q0b
47361734	w6gq882n
26991682	w6b01gx6
85366255	w6j49htj
85311292	w6x16z80
85312751	w6ph2gz9
85313024	w6xt6kpr
85359969	w6wt9jhx
85361084	w65v49t0
17012007	w6zk9cxf
1821202	w6nk4g54
85366734	w63z8z1g
85366829	w6zx2b7v
10043205	w6zx2b7v
85378859	w6vj6d7g
85385027	w63s1j4g
67118714	w6t72g07
85389877	w6n69bqr
85391488	w6wj3fbd
33467654	w63n434v
85392783	w6427nc6
85394506	w6kx66c3
25702881	w6g77m31
16476689	w66124pd
63882491	w6028wf4
85402523	w6hv3dnq
73184126	w6jd66gz
56228280	w6h14ctn
85410868	w63g5dz0
3442439	w6sf4z67
20994989	w6ht6kfw
44495596	w60006f4
57502540	w6dn68k9
65278400	w6qj854r
85386051	w6md9qck
85558894	w6107trk
8578951	w6wq14dj
85494329	w6b38kp0
85501852	w66794np
85560461	w6rg6kjz
35918349	w68g9ffr
85564036	w63p2txf
85560490	w67j292w
55784347	w6jx3293
12635601	w6n05bth
85562686	w6hv3dtz
85567526	w6912v76
85558534	w6x74cd2
85560501	w6qk87r0
85563064	w6w48mwd
85591755	w6q924mx
74118480	w6058f0z
286968	w6cg1kgr
33762128	w6n87x9b
68324529	w6s1844s
85566563	w6xq7wg4
23145759	w6cz4d1t
52062192	w65q5g7f
43798553	w69891jc
73142617	w6rj4s40
73313762	w62n51qq
69262260	w6086z81
85542130	w67b4w4h
85532673	w6sk2b2m
85566391	w6tz45z2
85564260	w6b38ksb
28660463	w6mk6p7z
85564628	w6xx5995
85547666	w6553d40
85513426	w6jj4bpx
85566596	w6fs0n6b
85567755	w61h1brp
15248318	w6d59f93
85578809	w6rk58z8
21001667	w64r0gvn
85585690	w6rg6kkd
85588035	w67f3kpm
85585645	w6mt4j9v
85585714	w6bd4q25
85586547	w6g55ftx
85610409	w63s1jcm
2579218	w6tq8ftp
85610538	w6qk87tw
85589274	w6010spn
85589327	w6jr1rg4
12632404	w66696rh
85593586	w66b7v3g
85594035	w6t25v7b
47146111	w6x098rs
11157948	w61p2c7g
67558766	w65t3wn2
41503579	w6h70g88
85596342	w6md9qk8
85532454	w69h6c86
85596371	w6zq4xpd
85597121	w6kf2pgw
66265183	w65v3tfw
85597130	w60h49r3
85600321	w6vr3t5g
57841013	w6qj9kc7
85600347	w6c931wj
85552141	w6hb9wqh
53837053	w66t871b
13584587	w6wh3qkh
85564969	w6jn3260
85597469	w6650f8c
85600366	w6r032ff
21526822	w6wf3zbk
85600398	w6gg1k1v
85600473	w6j20tr8
85601164	w6q061bh
85552155	w66v1c5g
36928915	w6wh4nqv
67782267	w6gj3q0h
74054099	w65d92g1
72779524	w6gb275h
3507407	w6cr7t0d
33984863	w6d01xtv
59840986	w6xm0dbv
74109159	w6nz8ghx
85612440	w6f29q6b
69112313	w68d3sbk
39281734	w6s505g1
85527109	w6j20tpc
85517848	w61657hq
13632608	w6gb2s37
74207550	w6br9gtg
144438	w6qr572m
39965134	w6kp9nc6
85531241	w6d902xk
60917789	w60g68ww
51652987	w6n05cnp
85539565	w66f6jgb
45956082	w65147nn
5796280	w64n1mqv
47376325	w67d3g1h
85545503	w6vv2hnp
68531606	w6k6603s