w60006f4	42
w6010spn	17
w6028wf4	10
w6058f0z	29
w6086z81	4
w6096wx2	6
w60h49r3	13
w60h49sj	47
w6107trk	39
w6165774	102
w61h1brp	25
w61p2c7g	16
w62n51qq	8
w63g5dz0	26
w63n434v	23
w63s1j4g	52
w63s1jcm	12
w63z8z1g	43
w6427nc6	32
w64r0gvn	19
w65147nn	8
w6553d40	8
w65d92g1	6
w65q5g7f	8
w65t3wn2	38
w65v49t0	58
w66124pd	19
w6621qxj	13
w66696rh	18
w66794np	38
w66b7v3g	23
w66f6jgb	10
w66t871b	17
w66v1c5g	15
w66z02ks	19
w67b4w4h	35
w67f3kpm	17
w67h3crq	11
w68d3sbk	17
w68g9ffr	39
w68m543d	88
w68w3qrz	9
w68x44wf	1
w6912v76	26
w69891jc	7
w69h6c86	14
w6b01gx6	81
w6b38kp0	37
w6b38ksb	28
w6bd4q25	20
w6br9gtg	5
w6bv9xp3	102
w6c82qz0	242
w6c931wj	13
w6cg1kgr	16
w6cr7rz4	64
w6cv5qpd	14
w6cz4d1t	11
w6d01xtv	13
w6d59f93	20
w6d902xk	6
w6dn68k9	44
w6f1984q	6
w6fs0n6b	21
w6fv9b6q	108
w6g55ftx	9
w6g77m31	17
w6gb275h	4
w6gg1k1v	9
w6gj3q0h	12
w6gq882n	68
w6h14ctn	24
w6hf8m7k	15
w6hj799d	79
w6ht6kfw	16
w6hv3dnq	31
w6hv3dtz	32
w6j49htj	57
w6jb6xn6	86
w6jd66gz	19
w6jn3260	1
w6jr1rg4	18
w6jx3293	32
w6kf2pgw	17
w6kx66c3	22
w6md3mdh	11
w6md9qck	37
w6mh8f3b	1
w6mk6p7z	32
w6mt4j9v	19
w6n05bth	36
w6n05cnp	31
w6n69bqr	29
w6n87x9b	14
w6nk4g54	48
w6nz8ghx	10
w6p55q0b	62
w6ph2gz9	66
w6q061bh	16
w6q924kg	24
w6q924mx	4
w6qj854r	44
w6qj9kc7	19
w6qk87r0	30
w6qr572m	9
w6r032ff	15
w6r31rzq	22
w6r525r2	112
w6rg6kkd	16
w6rj4s40	6
w6rk58z8	18
w6s1844s	11
w6sf4z67	20
w6sk2b2m	25
w6t72g07	24
w6tq8ftp	16
w6tz45z2	15
w6vf7pzj	29
w6vj6d7g	2
w6vv2hnp	8
w6w48mwd	23
w6w77bbk	7
w6wf3zbk	11
w6wh3qkh	11
w6wh4nqv	14
w6wj3fbd	1
w6wq14dj	40
w6wt9jhx	65
w6wx87x7	7
w6x098rs	15
w6x16z80	69
w6x74cd2	31
w6xq7wg4	9
w6xt6kpr	53
w6xt6kzb	20
w6xx5995	26
w6zd8tgw	6
w6zk9cxf	62
w6zq4xpd	1
w6zw3s78	95
w6zx2b7v	5
